{
  "hash": "3cc22e5e",
  "configHash": "3356bc50",
  "lockfileHash": "c97fa74c",
  "browserHash": "1681e940",
  "optimized": {
    "@angular/common": {
      "src": "../../../../../node_modules/@angular/common/fesm2022/common.mjs",
      "file": "@angular_common.js",
      "fileHash": "dbab5991",
      "needsInterop": false
    },
    "@angular/core": {
      "src": "../../../../../node_modules/@angular/core/fesm2022/core.mjs",
      "file": "@angular_core.js",
      "fileHash": "7fd839f6",
      "needsInterop": false
    },
    "@angular/platform-browser": {
      "src": "../../../../../node_modules/@angular/platform-browser/fesm2022/platform-browser.mjs",
      "file": "@angular_platform-browser.js",
      "fileHash": "f960f843",
      "needsInterop": false
    },
    "@angular/platform-browser/animations/async": {
      "src": "../../../../../node_modules/@angular/platform-browser/fesm2022/animations/async.mjs",
      "file": "@angular_platform-browser_animations_async.js",
      "fileHash": "758513ae",
      "needsInterop": false
    },
    "@angular/router": {
      "src": "../../../../../node_modules/@angular/router/fesm2022/router.mjs",
      "file": "@angular_router.js",
      "fileHash": "61a3d80d",
      "needsInterop": false
    },
    "@angular/material/slide-toggle": {
      "src": "../../../../../node_modules/@angular/material/fesm2022/slide-toggle.mjs",
      "file": "@angular_material_slide-toggle.js",
      "fileHash": "659069cd",
      "needsInterop": false
    },
    "@angular/material/table": {
      "src": "../../../../../node_modules/@angular/material/fesm2022/table.mjs",
      "file": "@angular_material_table.js",
      "fileHash": "60caedff",
      "needsInterop": false
    }
  },
  "chunks": {
    "chunk-KMJR4HUP": {
      "file": "chunk-KMJR4HUP.js"
    },
    "chunk-NDQ3DSDF": {
      "file": "chunk-NDQ3DSDF.js"
    },
    "browser-AE6EHRJJ": {
      "file": "browser-AE6EHRJJ.js"
    },
    "chunk-ML7VRNCN": {
      "file": "chunk-ML7VRNCN.js"
    },
    "chunk-YCQ2AUOB": {
      "file": "chunk-YCQ2AUOB.js"
    }
  }
}